{
  "test/integration/opaTests.qunit.js.map": 1742396533498,
  "Component.js": 1742384113949,
  "test/integration/pages/RisksList.js": 1742384114501,
  "test/integration/opaTests.qunit.js": 1742384114433,
  "test/integration/FirstJourney.js": 1742384114541,
  "test/testsuite.qunit.js": 1742384114169,
  "xs-app.json": 1742396526745,
  "manifest.json": 1742394260937,
  "test/integration/pages/RisksObjectPage.js": 1742384114501,
  "test/testsuite.qunit-dbg.js": 1742384114169,
  "test/testsuite.qunit.js.map": 1742396533429,
  "test/integration/pages/RisksList-dbg.js": 1742384114501,
  "test/integration/pages/RisksList.js.map": 1742396533420,
  "test/integration/opaTests.qunit-dbg.js": 1742384114433,
  "i18n/i18n.properties": 1742384139517,
  "test/integration/FirstJourney-dbg.js": 1742384114541,
  "test/integration/FirstJourney.js.map": 1742396533499,
  "Component-dbg.js": 1742384113949,
  "Component.js.map": 1742396533421,
  "test/integration/pages/RisksObjectPage-dbg.js": 1742384114501,
  "test/integration/pages/RisksObjectPage.js.map": 1742396533424,
  "Component-preload.js": 1742396533614,
  "Component-preload.js.map": 1742396533615,
  "test/integration/opaTests.qunit.html": 1742384114433,
  "test/testsuite.qunit.html": 1742384114141,
  "test/flpSandbox.html": 1742384114141,
  "index.html": 1742384113949
}